,alpha,l1_ratio,pca__n_components,savgol__deriv,savgol__polyorder,savgol__wavemax,savgol__wavemin,savgol__window_length,RMSE opt-rmse,R2 opt-rmse,RMSE opt-r2,R2 opt-r2,preds +/-1,preds +/-2,preds +/-3,preds +/-4,preds +/-6,preds +/-8,preds +/-10
elnet,0.06309573444801936,1.0,32.0,2.0,3.0,1436.0,986.0,12.0,4.732336007360489,0.70924110517476,4.732336007360489,0.70924110517476,0.16074450084602368,0.338409475465313,0.47715736040609136,0.5820642978003384,0.7766497461928934,0.9120135363790186,0.9695431472081218
