,alpha,l1_ratio,pca__n_components,savgol__deriv,savgol__polyorder,savgol__wavemax,savgol__wavemin,savgol__window_length,RMSE train,R2 train,RMSE test,R2 test,preds +/-1,preds +/-2,preds +/-3,preds +/-4,preds +/-6,preds +/-8,preds +/-10
elnet,0.03162277660168379,1.0,26.0,2.0,3.0,1448.0,1068.0,12.0,4.351282809624324,0.7601428234161003,4.633598255426809,0.7065352659734728,0.1683673469387755,0.32653061224489793,0.4336734693877551,0.5867346938775511,0.8163265306122449,0.9132653061224489,0.9744897959183674
