,alpha,l1_ratio,savgol__deriv,savgol__polyorder,savgol__wavemax,savgol__wavemin,savgol__window_length,RMSE train,R2 train,RMSE test,R2 test,preds +/-1,preds +/-2,preds +/-3,preds +/-4,preds +/-6,preds +/-8,preds +/-10
elnet,0.05008987210036727,0.9461563866326491,2.0,3.0,1424.0,1040.0,18.0,4.338399355743734,0.7623815245697347,4.561625021636982,0.71329120909525,0.23469387755102042,0.37244897959183676,0.5051020408163265,0.6428571428571429,0.8010204081632653,0.923469387755102,0.9693877551020408
