,alpha,l1_ratio,savgol__deriv,savgol__polyorder,savgol__wavemax,savgol__wavemin,savgol__window_length,RMSE train,R2 train,RMSE test,R2 test,preds +/-1,preds +/-2,preds +/-3,preds +/-4,preds +/-6,preds +/-8,preds +/-10
elnet,0.001,0.7000299999999999,1.0,2.0,1430.0,1066.0,16.0,4.353941820384528,0.7598495868182338,4.645285213864466,0.7050530332879774,0.1836734693877551,0.3469387755102041,0.5051020408163265,0.6071428571428571,0.7857142857142857,0.9183673469387755,0.9744897959183674
