,alpha,l1_ratio,pca__n_components,savgol__deriv,savgol__polyorder,savgol__wavemax,savgol__wavemin,savgol__window_length,RMSE opt-rmse,R2 opt-rmse,RMSE opt-r2,R2 opt-r2,preds +/-1,preds +/-2,preds +/-3,preds +/-4,preds +/-6,preds +/-8,preds +/-10
elnet,0.08912509381337455,1.0,26.0,2.0,3.0,1330.0,1036.0,12.0,4.885054133787527,0.6901720276259347,4.886696876422728,0.6899636151156552,0.1692047377326565,0.3164128595600677,0.45685279187817257,0.5922165820642978,0.7817258883248731,0.9035532994923858,0.9576988155668359
