,alpha,l1_ratio,pca__n_components,savgol__deriv,savgol__polyorder,savgol__wavemax,savgol__wavemin,savgol__window_length,RMSE,R2,preds +/-1,preds +/-2,preds +/-3,preds +/-4,preds +/-6,preds +/-8,preds +/-10
elnet,0.02238721138568339,0.6000399999999999,27.0,2.0,3.0,1436.0,1038.0,12.0,4.693996994819895,0.5011716995056661,0.1404399323181049,0.25888324873096447,0.3688663282571912,0.49915397631133673,0.676818950930626,0.8189509306260575,0.8967851099830795
