,alpha,l1_ratio,pca__n_components,savgol__deriv,savgol__polyorder,savgol__wavemax,savgol__wavemin,savgol__window_length,RMSE opt-rmse,R2 opt-rmse,RMSE opt-r2,R2 opt-r2,preds +/-1,preds +/-2,preds +/-3,preds +/-4,preds +/-6,preds +/-8,preds +/-10
elnet,0.025118864315095822,0.10009,25.0,2.0,2.0,1442.0,1040.0,12.0,4.828753219135807,0.6972724927716315,4.835504924715514,0.6964253358155986,0.1692047377326565,0.3333333333333333,0.46362098138747887,0.5617597292724196,0.7648054145516074,0.9052453468697124,0.9695431472081218
