,C,epsilon,kernel,pca__n_components,savgol__deriv,savgol__polyorder,savgol__wavemax,savgol__wavemin,savgol__window_length,RMSE train,R2 train,RMSE test,R2 test,preds +/-1,preds +/-2,preds +/-3,preds +/-4,preds +/-6,preds +/-8,preds +/-10
SVM,1.5848931924611134,1.0,0,28.0,2.0,3.0,1502.0,1038.0,12.0,4.364471856421677,0.7586865715277307,4.885098314524518,0.6738136502463503,0.15816326530612246,0.3520408163265306,0.47959183673469385,0.5714285714285714,0.7959183673469388,0.9081632653061225,0.9540816326530612
