,C,epsilon,kernel,pca__n_components,savgol__deriv,savgol__polyorder,savgol__wavemax,savgol__wavemin,savgol__window_length,RMSE train,R2 train,RMSE test,R2 test,preds +/-1,preds +/-2,preds +/-3,preds +/-4,preds +/-6,preds +/-8,preds +/-10
SVM,3.1622776601683795,1.0,0,35.0,1.0,3.0,1434.0,1062.0,12.0,4.250479791572912,0.7711272927995472,4.731818529863869,0.6939620198108812,0.15816326530612246,0.32653061224489793,0.46938775510204084,0.6122448979591837,0.8520408163265306,0.8928571428571429,0.9489795918367347
