,alpha,pca__n_components,savgol__deriv,savgol__polyorder,savgol__wavemax,savgol__wavemin,savgol__window_length,RMSE opt-rmse,R2 opt-rmse,RMSE opt-r2,R2 opt-r2,preds +/-1,preds +/-2,preds +/-3,preds +/-4,preds +/-6,preds +/-8,preds +/-10
ridge,1.584893192461114,22.0,1.0,3.0,1400.0,1088.0,16.0,4.911174050702272,0.686849928804036,4.911174050702272,0.686849928804036,0.1658206429780034,0.3299492385786802,0.4720812182741117,0.5736040609137056,0.7445008460236887,0.8950930626057529,0.9729272419627749
