,alpha,l1_ratio,pca__n_components,savgol__deriv,savgol__polyorder,savgol__wavemax,savgol__wavemin,savgol__window_length,RMSE train,R2 train,RMSE test,R2 test,preds +/-1,preds +/-2,preds +/-3,preds +/-4,preds +/-6,preds +/-8,preds +/-10
elnet,0.007943282347242814,0.20007999999999998,29.0,2.0,2.0,1438.0,1026.0,12.0,4.311760338675369,0.7577728109497813,4.505882900384378,0.7254583004680292,0.17010309278350516,0.32989690721649484,0.4896907216494845,0.6443298969072165,0.8247422680412371,0.9175257731958762,0.9639175257731959
