,C,epsilon,kernel,pca__n_components,savgol__deriv,savgol__polyorder,savgol__wavemax,savgol__wavemin,savgol__window_length,RMSE opt-rmse,R2 opt-rmse,RMSE opt-r2,R2 opt-r2,preds +/-1,preds +/-2,preds +/-3,preds +/-4,preds +/-6,preds +/-8,preds +/-10
SVM,12.589254117941675,0.15848931924611143,0,23.0,1.0,3.0,1398.0,1038.0,14.0,4.765190923499454,0.7051898205098139,4.7675935497747375,0.7048924568728714,0.16243654822335024,0.30287648054145516,0.46362098138747887,0.5803722504230119,0.7715736040609137,0.9103214890016921,0.9729272419627749
