,C,epsilon,kernel,pca__n_components,savgol__deriv,savgol__polyorder,savgol__wavemax,savgol__wavemin,savgol__window_length,RMSE opt-rmse,R2 opt-rmse,RMSE opt-r2,R2 opt-r2,preds +/-1,preds +/-2,preds +/-3,preds +/-4,preds +/-6,preds +/-8,preds +/-10
SVM,3.1622776601683795,0.3981071705534973,0,26.0,1.0,3.0,1394.0,1030.0,14.0,4.838958130485492,0.6959915941011349,4.841716706327097,0.6956448792657537,0.16751269035532995,0.311336717428088,0.45346869712351945,0.5803722504230119,0.754653130287648,0.9120135363790186,0.9796954314720813
