,alpha,l1_ratio,pca__n_components,savgol__deriv,savgol__polyorder,savgol__wavemax,savgol__wavemin,savgol__window_length,RMSE train,R2 train,RMSE test,R2 test,preds +/-1,preds +/-2,preds +/-3,preds +/-4,preds +/-6,preds +/-8,preds +/-10
elnet,0.025118864315095822,1.0,26.0,2.0,3.0,1478.0,1038.0,12.0,4.378927726942331,0.7570853822564041,4.678057115585126,0.7008767260560337,0.14795918367346939,0.336734693877551,0.4744897959183674,0.5816326530612245,0.8061224489795918,0.923469387755102,0.9591836734693877
