,C,epsilon,kernel,pca__n_components,savgol__deriv,savgol__polyorder,savgol__wavemax,savgol__wavemin,savgol__window_length,RMSE,R2,preds +/-1,preds +/-2,preds +/-3,preds +/-4,preds +/-6,preds +/-8,preds +/-10
SVM,3.1622776601683795,0.5011872336272725,0,36.0,1.0,3.0,1436.0,952.0,12.0,4.711673176561096,0.6728827199881049,0.15397631133671744,0.2876480541455161,0.43824027072758037,0.5668358714043993,0.7461928934010152,0.8967851099830795,0.9475465313028765
