,C,epsilon,kernel,pca__n_components,savgol__deriv,savgol__polyorder,savgol__wavemax,savgol__wavemin,savgol__window_length,RMSE opt-rmse,R2 opt-rmse,RMSE opt-r2,R2 opt-r2,preds +/-1,preds +/-2,preds +/-3,preds +/-4,preds +/-6,preds +/-8,preds +/-10
SVM,3.1622776601683795,0.6309573444801934,0,31.0,1.0,3.0,1446.0,1040.0,12.0,4.829933786407973,0.6971244488108738,4.836821911935461,0.6962599514745184,0.15905245346869712,0.3011844331641286,0.4517766497461929,0.5820642978003384,0.7749576988155669,0.9069373942470389,0.9695431472081218
