,C,epsilon,kernel,savgol__deriv,savgol__polyorder,savgol__wavemax,savgol__wavemin,savgol__window_length,RMSE train,R2 train,RMSE test,R2 test,preds +/-1,preds +/-2,preds +/-3,preds +/-4,preds +/-6,preds +/-8,preds +/-10
SVM,2.011046738925448,0.7065602904041224,0,2.0,3.0,1456.0,1028.0,18.0,4.754750650123963,0.7145850982770191,4.8727356643754005,0.6728495290683563,0.2193877551020408,0.34183673469387754,0.49489795918367346,0.6326530612244898,0.75,0.8928571428571429,0.9591836734693877
