,alpha,l1_ratio,savgol__deriv,savgol__polyorder,savgol__wavemax,savgol__wavemin,savgol__window_length,RMSE train,R2 train,RMSE test,R2 test,preds +/-1,preds +/-2,preds +/-3,preds +/-4,preds +/-6,preds +/-8,preds +/-10
elnet,0.03162277660168379,1.0,2.0,3.0,1414.0,1092.0,22.0,4.593828792869809,0.7326576839294875,4.5089134096807095,0.722116374810785,0.14285714285714285,0.29591836734693877,0.4489795918367347,0.5918367346938775,0.8163265306122449,0.9438775510204082,0.9744897959183674
