,alpha,pca__n_components,savgol__deriv,savgol__polyorder,savgol__wavemax,savgol__wavemin,savgol__window_length,RMSE,R2,preds +/-1,preds +/-2,preds +/-3,preds +/-4,preds +/-6,preds +/-8,preds +/-10
ridge,0.3981071705534973,22.0,1.0,3.0,1396.0,1072.0,16.0,4.813673384992478,0.4788838491644758,0.11336717428087986,0.21996615905245348,0.33671742808798644,0.4467005076142132,0.6142131979695431,0.766497461928934,0.8849407783417935
